{
  "prepare_queue": {
    "installed": [],
    "uninstalled": []
  },
  "config_munge": {
    "files": {
      "res/xml/config.xml": {
        "parents": {
          "/*": [
            {
              "xml": "<feature name=\"CallNumber\"><param name=\"android-package\" value=\"mx.ferreyra.callnumber.CFCallNumber\" /></feature>",
              "count": 1
            }
          ]
        }
      },
      "AndroidManifest.xml": {
        "parents": {
          "/*": [
            {
              "xml": "<uses-permission android:name=\"android.permission.CALL_PHONE\" />",
              "count": 1
            },
            {
              "xml": "<uses-feature android:name=\"android.hardware.telephony\" android:required=\"false\" />",
              "count": 1
            }
          ]
        }
      }
    }
  },
  "installed_plugins": {
    "mx.ferreyra.callnumber": {
      "PACKAGE_NAME": "com.example.hello"
    }
  },
  "dependent_plugins": {},
  "modules": [
    {
      "id": "mx.ferreyra.callnumber.CallNumber",
      "file": "plugins/mx.ferreyra.callnumber/www/CallNumber.js",
      "pluginId": "mx.ferreyra.callnumber",
      "clobbers": [
        "call"
      ]
    }
  ],
  "plugin_metadata": {
    "mx.ferreyra.callnumber": "0.0.2"
  }
}
